"Notes"	"Year"	"Year Code"	"State"	"State Code"	Deaths	Population	Crude Rate	Age Adjusted Rate
	"1999"	"1999"	"Alabama"	"01"	195	4430141	4.4	4.4
	"1999"	"1999"	"Alaska"	"02"	56	624779	9.0	8.9
	"1999"	"1999"	"Arizona"	"04"	557	5023823	11.1	11.5
	"1999"	"1999"	"Arkansas"	"05"	121	2651860	4.6	4.7
	"1999"	"1999"	"California"	"06"	3091	33499204	9.2	9.4
	"1999"	"1999"	"Colorado"	"08"	375	4226018	8.9	8.6
	"1999"	"1999"	"Connecticut"	"09"	330	3386401	9.7	9.6
	"1999"	"1999"	"Delaware"	"10"	55	774990	7.1	7.1
	"1999"	"1999"	"District of Columbia"	"11"	55	570213	9.6	9.6
	"1999"	"1999"	"Florida"	"12"	1061	15759421	6.7	6.8
	"1999"	"1999"	"Georgia"	"13"	347	8045965	4.3	4.3
	"1999"	"1999"	"Hawaii"	"15"	83	1210300	6.9	6.8
	"1999"	"1999"	"Idaho"	"16"	66	1275674	5.2	5.4
	"1999"	"1999"	"Illinois"	"17"	872	12359020	7.1	7.1
	"1999"	"1999"	"Indiana"	"18"	251	6044969	4.2	4.2
	"1999"	"1999"	"Iowa"	"19"	59	2917634	2.0	2.0
	"1999"	"1999"	"Kansas"	"20"	100	2678338	3.7	3.8
	"1999"	"1999"	"Kentucky"	"21"	215	4018053	5.4	5.3
	"1999"	"1999"	"Louisiana"	"22"	246	4460811	5.5	5.7
	"1999"	"1999"	"Maine"	"23"	70	1266808	5.5	5.5
	"1999"	"1999"	"Maryland"	"24"	660	5254509	12.6	12.0
	"1999"	"1999"	"Massachusetts"	"25"	512	6317345	8.1	7.8
	"1999"	"1999"	"Michigan"	"26"	708	9897116	7.2	7.2
	"1999"	"1999"	"Minnesota"	"27"	169	4873481	3.5	3.5
	"1999"	"1999"	"Mississippi"	"28"	101	2828408	3.6	3.8
	"1999"	"1999"	"Missouri"	"29"	294	5561948	5.3	5.3
	"1999"	"1999"	"Montana"	"30"	48	897507	5.3	5.4
	"1999"	"1999"	"Nebraska"	"31"	41	1704764	2.4	2.5
	"1999"	"1999"	"Nevada"	"32"	236	1934718	12.2	12.0
	"1999"	"1999"	"New Hampshire"	"33"	62	1222014	5.1	4.9
	"1999"	"1999"	"New Jersey"	"34"	757	8359592	9.1	8.8
	"1999"	"1999"	"New Mexico"	"35"	275	1808082	15.2	15.5
	"1999"	"1999"	"New York"	"36"	1102	18882725	5.8	5.8
	"1999"	"1999"	"North Carolina"	"37"	401	7949361	5.0	5.0
	"1999"	"1999"	"North Dakota"	"38"	15	644259	Unreliable	Unreliable
	"1999"	"1999"	"Ohio"	"39"	534	11335454	4.7	4.7
	"1999"	"1999"	"Oklahoma"	"40"	189	3437147	5.5	5.7
	"1999"	"1999"	"Oregon"	"41"	329	3393941	9.7	9.6
	"1999"	"1999"	"Pennsylvania"	"42"	1049	12263805	8.6	8.6
	"1999"	"1999"	"Rhode Island"	"44"	61	1040402	5.9	5.8
	"1999"	"1999"	"South Carolina"	"45"	168	3974682	4.2	4.2
	"1999"	"1999"	"South Dakota"	"46"	20	750412	2.7	2.7
	"1999"	"1999"	"Tennessee"	"47"	374	5638706	6.6	6.6
	"1999"	"1999"	"Texas"	"48"	1250	20558220	6.1	6.2
	"1999"	"1999"	"Utah"	"49"	212	2203482	9.6	11.0
	"1999"	"1999"	"Vermont"	"50"	31	604683	5.1	5.0
	"1999"	"1999"	"Virginia"	"51"	391	7000174	5.6	5.4
	"1999"	"1999"	"Washington"	"53"	596	5842564	10.2	10.0
	"1999"	"1999"	"West Virginia"	"54"	80	1811799	4.4	4.4
	"1999"	"1999"	"Wisconsin"	"55"	237	5332666	4.4	4.4
	"1999"	"1999"	"Wyoming"	"56"	21	491780	4.3	4.3
"Total"	"1999"	"1999"			19128	279040168	6.9	6.8
	"2000"	"2000"	"Alabama"	"01"	232	4447100	5.2	5.3
	"2000"	"2000"	"Alaska"	"02"	54	626932	8.6	8.5
	"2000"	"2000"	"Arizona"	"04"	559	5130632	10.9	11.3
	"2000"	"2000"	"Arkansas"	"05"	151	2673400	5.6	5.8
	"2000"	"2000"	"California"	"06"	2301	33871648	6.8	6.9
	"2000"	"2000"	"Colorado"	"08"	372	4301261	8.6	8.4
	"2000"	"2000"	"Connecticut"	"09"	336	3405565	9.9	9.7
	"2000"	"2000"	"Delaware"	"10"	60	783600	7.7	7.6
	"2000"	"2000"	"District of Columbia"	"11"	84	572059	14.7	14.8
	"2000"	"2000"	"Florida"	"12"	1237	15982378	7.7	7.9
	"2000"	"2000"	"Georgia"	"13"	429	8186453	5.2	5.2
	"2000"	"2000"	"Hawaii"	"15"	64	1211537	5.3	5.2
	"2000"	"2000"	"Idaho"	"16"	70	1293953	5.4	5.6
	"2000"	"2000"	"Illinois"	"17"	910	12419293	7.3	7.3
	"2000"	"2000"	"Indiana"	"18"	289	6080485	4.8	4.8
	"2000"	"2000"	"Iowa"	"19"	79	2926324	2.7	2.7
	"2000"	"2000"	"Kansas"	"20"	112	2688418	4.2	4.3
	"2000"	"2000"	"Kentucky"	"21"	257	4041769	6.4	6.3
	"2000"	"2000"	"Louisiana"	"22"	335	4468976	7.5	7.6
	"2000"	"2000"	"Maine"	"23"	62	1274923	4.9	4.9
	"2000"	"2000"	"Maryland"	"24"	657	5296486	12.4	11.9
	"2000"	"2000"	"Massachusetts"	"25"	484	6349097	7.6	7.4
	"2000"	"2000"	"Michigan"	"26"	871	9938444	8.8	8.8
	"2000"	"2000"	"Minnesota"	"27"	161	4919479	3.3	3.2
	"2000"	"2000"	"Mississippi"	"28"	123	2844658	4.3	4.5
	"2000"	"2000"	"Missouri"	"29"	327	5595211	5.8	5.9
	"2000"	"2000"	"Montana"	"30"	47	902195	5.2	5.2
	"2000"	"2000"	"Nebraska"	"31"	52	1711263	3.0	3.1
	"2000"	"2000"	"Nevada"	"32"	281	1998257	14.1	14.1
	"2000"	"2000"	"New Hampshire"	"33"	49	1235786	4.0	3.8
	"2000"	"2000"	"New Jersey"	"34"	795	8414350	9.4	9.3
	"2000"	"2000"	"New Mexico"	"35"	281	1819046	15.4	15.7
	"2000"	"2000"	"New York"	"36"	901	18976457	4.7	4.7
	"2000"	"2000"	"North Carolina"	"37"	531	8049313	6.6	6.5
	"2000"	"2000"	"North Dakota"	"38"	16	642200	Unreliable	Unreliable
	"2000"	"2000"	"Ohio"	"39"	625	11353140	5.5	5.5
	"2000"	"2000"	"Oklahoma"	"40"	250	3450654	7.2	7.5
	"2000"	"2000"	"Oregon"	"41"	306	3421399	8.9	8.8
	"2000"	"2000"	"Pennsylvania"	"42"	1215	12281054	9.9	10.0
	"2000"	"2000"	"Rhode Island"	"44"	76	1048319	7.2	7.2
	"2000"	"2000"	"South Carolina"	"45"	289	4012012	7.2	7.2
	"2000"	"2000"	"South Dakota"	"46"	25	754844	3.3	3.4
	"2000"	"2000"	"Tennessee"	"47"	426	5689283	7.5	7.5
	"2000"	"2000"	"Texas"	"48"	1211	20851820	5.8	5.9
	"2000"	"2000"	"Utah"	"49"	224	2233169	10.0	11.2
	"2000"	"2000"	"Vermont"	"50"	37	608827	6.1	5.9
	"2000"	"2000"	"Virginia"	"51"	441	7078515	6.2	6.1
	"2000"	"2000"	"Washington"	"53"	599	5894121	10.2	9.9
	"2000"	"2000"	"West Virginia"	"54"	122	1808344	6.7	6.7
	"2000"	"2000"	"Wisconsin"	"55"	278	5363675	5.2	5.2
	"2000"	"2000"	"Wyoming"	"56"	27	493782	5.5	5.7
"Total"	"2000"	"2000"			19720	281421906	7.0	7.0
	"2001"	"2001"	"Alabama"	"01"	253	4467634	5.7	5.7
	"2001"	"2001"	"Alaska"	"02"	72	633714	11.4	11.1
	"2001"	"2001"	"Arizona"	"04"	598	5273477	11.3	11.8
	"2001"	"2001"	"Arkansas"	"05"	131	2691571	4.9	5.0
	"2001"	"2001"	"California"	"06"	1507	34479458	4.4	4.5
	"2001"	"2001"	"Colorado"	"08"	444	4425687	10.0	9.8
	"2001"	"2001"	"Connecticut"	"09"	326	3432835	9.5	9.3
	"2001"	"2001"	"Delaware"	"10"	70	795699	8.8	8.8
	"2001"	"2001"	"District of Columbia"	"11"	111	574504	19.3	19.4
	"2001"	"2001"	"Florida"	"12"	1833	16356966	11.2	11.5
	"2001"	"2001"	"Georgia"	"13"	591	8377038	7.1	7.0
	"2001"	"2001"	"Hawaii"	"15"	83	1225948	6.8	6.6
	"2001"	"2001"	"Idaho"	"16"	99	1319962	7.5	7.9
	"2001"	"2001"	"Illinois"	"17"	930	12488445	7.4	7.4
	"2001"	"2001"	"Indiana"	"18"	348	6127760	5.7	5.7
	"2001"	"2001"	"Iowa"	"19"	90	2931997	3.1	3.1
	"2001"	"2001"	"Kansas"	"20"	148	2702162	5.5	5.6
	"2001"	"2001"	"Kentucky"	"21"	370	4068132	9.1	9.0
	"2001"	"2001"	"Louisiana"	"22"	351	4477875	7.8	8.0
	"2001"	"2001"	"Maine"	"23"	92	1285692	7.2	7.0
	"2001"	"2001"	"Maryland"	"24"	676	5374691	12.6	12.1
	"2001"	"2001"	"Massachusetts"	"25"	714	6397634	11.2	10.9
	"2001"	"2001"	"Michigan"	"26"	955	9991120	9.6	9.5
	"2001"	"2001"	"Minnesota"	"27"	226	4982796	4.5	4.5
	"2001"	"2001"	"Mississippi"	"28"	183	2852994	6.4	6.7
	"2001"	"2001"	"Missouri"	"29"	381	5641142	6.8	6.8
	"2001"	"2001"	"Montana"	"30"	62	906961	6.8	6.9
	"2001"	"2001"	"Nebraska"	"31"	69	1719836	4.0	4.1
	"2001"	"2001"	"Nevada"	"32"	268	2098399	12.8	12.6
	"2001"	"2001"	"New Hampshire"	"33"	83	1255517	6.6	6.4
	"2001"	"2001"	"New Jersey"	"34"	796	8492671	9.4	9.2
	"2001"	"2001"	"New Mexico"	"35"	277	1831690	15.1	15.4
	"2001"	"2001"	"New York"	"36"	1280	19082838	6.7	6.6
	"2001"	"2001"	"North Carolina"	"37"	584	8210122	7.1	7.0
	"2001"	"2001"	"North Dakota"	"38"	17	639062	Unreliable	Unreliable
	"2001"	"2001"	"Ohio"	"39"	808	11387404	7.1	7.1
	"2001"	"2001"	"Oklahoma"	"40"	282	3467100	8.1	8.3
	"2001"	"2001"	"Oregon"	"41"	321	3467937	9.3	9.1
	"2001"	"2001"	"Pennsylvania"	"42"	1021	12298970	8.3	8.4
	"2001"	"2001"	"Rhode Island"	"44"	116	1057142	11.0	10.7
	"2001"	"2001"	"South Carolina"	"45"	265	4064995	6.5	6.5
	"2001"	"2001"	"South Dakota"	"46"	25	757972	3.3	3.4
	"2001"	"2001"	"Tennessee"	"47"	469	5750789	8.2	8.1
	"2001"	"2001"	"Texas"	"48"	1522	21319622	7.1	7.3
	"2001"	"2001"	"Utah"	"49"	216	2283715	9.5	10.9
	"2001"	"2001"	"Vermont"	"50"	53	612223	8.7	8.6
	"2001"	"2001"	"Virginia"	"51"	503	7198362	7.0	6.8
	"2001"	"2001"	"Washington"	"53"	547	5985722	9.1	8.9
	"2001"	"2001"	"West Virginia"	"54"	217	1801481	12.0	12.1
	"2001"	"2001"	"Wisconsin"	"55"	297	5406835	5.5	5.4
	"2001"	"2001"	"Wyoming"	"56"	25	494657	5.1	5.1
"Total"	"2001"	"2001"			21705	284968955	7.6	7.6
	"2002"	"2002"	"Alabama"	"01"	248	4480089	5.5	5.6
	"2002"	"2002"	"Alaska"	"02"	85	642337	13.2	12.4
	"2002"	"2002"	"Arizona"	"04"	667	5396255	12.4	12.8
	"2002"	"2002"	"Arkansas"	"05"	190	2705927	7.0	7.3
	"2002"	"2002"	"California"	"06"	3418	34871843	9.8	10.0
	"2002"	"2002"	"Colorado"	"08"	474	4490406	10.6	10.3
	"2002"	"2002"	"Connecticut"	"09"	377	3458749	10.9	10.9
	"2002"	"2002"	"Delaware"	"10"	85	806169	10.5	10.6
	"2002"	"2002"	"District of Columbia"	"11"	70	573158	12.2	12.5
	"2002"	"2002"	"Florida"	"12"	2041	16689370	12.2	12.5
	"2002"	"2002"	"Georgia"	"13"	631	8508256	7.4	7.3
	"2002"	"2002"	"Hawaii"	"15"	85	1239613	6.9	6.8
	"2002"	"2002"	"Idaho"	"16"	123	1340372	9.2	9.6
	"2002"	"2002"	"Illinois"	"17"	1030	12525556	8.2	8.3
	"2002"	"2002"	"Indiana"	"18"	345	6155967	5.6	5.7
	"2002"	"2002"	"Iowa"	"19"	101	2934234	3.4	3.5
	"2002"	"2002"	"Kansas"	"20"	189	2713535	7.0	7.2
	"2002"	"2002"	"Kentucky"	"21"	451	4089875	11.0	11.0
	"2002"	"2002"	"Louisiana"	"22"	468	4497267	10.4	10.6
	"2002"	"2002"	"Maine"	"23"	147	1295960	11.3	11.5
	"2002"	"2002"	"Maryland"	"24"	759	5440389	14.0	13.5
	"2002"	"2002"	"Massachusetts"	"25"	736	6417206	11.5	11.2
	"2002"	"2002"	"Michigan"	"26"	1080	10015710	10.8	10.8
	"2002"	"2002"	"Minnesota"	"27"	241	5018935	4.8	4.8
	"2002"	"2002"	"Mississippi"	"28"	202	2858681	7.1	7.3
	"2002"	"2002"	"Missouri"	"29"	443	5674825	7.8	7.9
	"2002"	"2002"	"Montana"	"30"	85	911667	9.3	9.5
	"2002"	"2002"	"Nebraska"	"31"	69	1728292	4.0	4.1
	"2002"	"2002"	"Nevada"	"32"	332	2173791	15.3	15.2
	"2002"	"2002"	"New Hampshire"	"33"	114	1269089	9.0	8.9
	"2002"	"2002"	"New Jersey"	"34"	885	8552643	10.3	10.2
	"2002"	"2002"	"New Mexico"	"35"	301	1855309	16.2	16.9
	"2002"	"2002"	"New York"	"36"	1118	19137800	5.8	5.8
	"2002"	"2002"	"North Carolina"	"37"	684	8326201	8.2	8.2
	"2002"	"2002"	"North Dakota"	"38"	24	638168	3.8	3.6
	"2002"	"2002"	"Ohio"	"39"	1025	11407889	9.0	9.0
	"2002"	"2002"	"Oklahoma"	"40"	257	3489080	7.4	7.5
	"2002"	"2002"	"Oregon"	"41"	411	3513424	11.7	11.6
	"2002"	"2002"	"Pennsylvania"	"42"	1159	12331031	9.4	9.5
	"2002"	"2002"	"Rhode Island"	"44"	112	1065995	10.5	10.6
	"2002"	"2002"	"South Carolina"	"45"	238	4107795	5.8	5.8
	"2002"	"2002"	"South Dakota"	"46"	24	760020	3.2	3.3
	"2002"	"2002"	"Tennessee"	"47"	524	5795918	9.0	9.0
	"2002"	"2002"	"Texas"	"48"	1780	21690325	8.2	8.4
	"2002"	"2002"	"Utah"	"49"	300	2324815	12.9	14.6
	"2002"	"2002"	"Vermont"	"50"	54	615442	8.8	8.7
	"2002"	"2002"	"Virginia"	"51"	527	7286873	7.2	7.0
	"2002"	"2002"	"Washington"	"53"	694	6052349	11.5	11.2
	"2002"	"2002"	"West Virginia"	"54"	237	1805414	13.1	13.3
	"2002"	"2002"	"Wisconsin"	"55"	364	5445162	6.7	6.6
	"2002"	"2002"	"Wyoming"	"56"	36	500017	7.2	7.4
"Total"	"2002"	"2002"			26040	287625193	9.1	9.1
	"2003"	"2003"	"Alabama"	"01"	255	4503491	5.7	5.8
	"2003"	"2003"	"Alaska"	"02"	86	648414	13.3	13.4
	"2003"	"2003"	"Arizona"	"04"	739	5510364	13.4	13.9
	"2003"	"2003"	"Arkansas"	"05"	203	2724816	7.5	7.7
	"2003"	"2003"	"California"	"06"	3614	35253159	10.3	10.4
	"2003"	"2003"	"Colorado"	"08"	529	4528732	11.7	11.4
	"2003"	"2003"	"Connecticut"	"09"	338	3484336	9.7	9.7
	"2003"	"2003"	"Delaware"	"10"	88	818003	10.8	10.8
	"2003"	"2003"	"District of Columbia"	"11"	119	568502	20.9	20.9
	"2003"	"2003"	"Florida"	"12"	2153	17004085	12.7	12.9
	"2003"	"2003"	"Georgia"	"13"	684	8622793	7.9	7.9
	"2003"	"2003"	"Hawaii"	"15"	102	1251154	8.2	7.9
	"2003"	"2003"	"Idaho"	"16"	118	1363380	8.7	9.2
	"2003"	"2003"	"Illinois"	"17"	872	12556006	6.9	7.0
	"2003"	"2003"	"Indiana"	"18"	498	6196638	8.0	8.1
	"2003"	"2003"	"Iowa"	"19"	110	2941999	3.7	3.9
	"2003"	"2003"	"Kansas"	"20"	197	2723004	7.2	7.4
	"2003"	"2003"	"Kentucky"	"21"	588	4117170	14.3	14.3
	"2003"	"2003"	"Louisiana"	"22"	630	4521042	13.9	14.3
	"2003"	"2003"	"Maine"	"23"	134	1306513	10.3	10.4
	"2003"	"2003"	"Maryland"	"24"	834	5496269	15.2	14.8
	"2003"	"2003"	"Massachusetts"	"25"	876	6422565	13.6	13.4
	"2003"	"2003"	"Michigan"	"26"	1062	10041152	10.6	10.6
	"2003"	"2003"	"Minnesota"	"27"	296	5053572	5.9	5.8
	"2003"	"2003"	"Mississippi"	"28"	225	2868312	7.8	8.1
	"2003"	"2003"	"Missouri"	"29"	550	5709403	9.6	9.8
	"2003"	"2003"	"Montana"	"30"	116	919630	12.6	12.9
	"2003"	"2003"	"Nebraska"	"31"	88	1738643	5.1	5.0
	"2003"	"2003"	"Nevada"	"32"	350	2248850	15.6	15.6
	"2003"	"2003"	"New Hampshire"	"33"	137	1279840	10.7	10.3
	"2003"	"2003"	"New Jersey"	"34"	792	8601402	9.2	9.1
	"2003"	"2003"	"New Mexico"	"35"	373	1877574	19.9	20.5
	"2003"	"2003"	"New York"	"36"	1209	19175939	6.3	6.2
	"2003"	"2003"	"North Carolina"	"37"	833	8422501	9.9	9.9
	"2003"	"2003"	"North Dakota"	"38"	27	638817	4.2	4.2
	"2003"	"2003"	"Ohio"	"39"	852	11434788	7.5	7.5
	"2003"	"2003"	"Oklahoma"	"40"	411	3504892	11.7	12.1
	"2003"	"2003"	"Oregon"	"41"	482	3547376	13.6	13.3
	"2003"	"2003"	"Pennsylvania"	"42"	1441	12374658	11.6	11.8
	"2003"	"2003"	"Rhode Island"	"44"	157	1071342	14.7	14.7
	"2003"	"2003"	"South Carolina"	"45"	310	4150297	7.5	7.5
	"2003"	"2003"	"South Dakota"	"46"	25	763729	3.3	3.4
	"2003"	"2003"	"Tennessee"	"47"	713	5847812	12.2	12.2
	"2003"	"2003"	"Texas"	"48"	1985	22030931	9.0	9.2
	"2003"	"2003"	"Utah"	"49"	368	2360137	15.6	16.9
	"2003"	"2003"	"Vermont"	"50"	73	617858	11.8	11.5
	"2003"	"2003"	"Virginia"	"51"	580	7366977	7.9	7.7
	"2003"	"2003"	"Washington"	"53"	752	6104115	12.3	12.0
	"2003"	"2003"	"West Virginia"	"54"	279	1812295	15.4	16.0
	"2003"	"2003"	"Wisconsin"	"55"	433	5479203	7.9	7.9
	"2003"	"2003"	"Wyoming"	"56"	37	503453	7.3	7.3
"Total"	"2003"	"2003"			28723	290107933	9.9	9.9
	"2004"	"2004"	"Alabama"	"01"	327	4530729	7.2	7.3
	"2004"	"2004"	"Alaska"	"02"	92	659286	14.0	13.5
	"2004"	"2004"	"Arizona"	"04"	803	5652404	14.2	14.8
	"2004"	"2004"	"Arkansas"	"05"	249	2749686	9.1	9.4
	"2004"	"2004"	"California"	"06"	3681	35574576	10.3	10.4
	"2004"	"2004"	"Colorado"	"08"	548	4575013	12.0	11.7
	"2004"	"2004"	"Connecticut"	"09"	360	3496094	10.3	10.3
	"2004"	"2004"	"Delaware"	"10"	92	830803	11.1	11.0
	"2004"	"2004"	"District of Columbia"	"11"	109	567754	19.2	19.5
	"2004"	"2004"	"Florida"	"12"	2408	17415318	13.8	14.1
	"2004"	"2004"	"Georgia"	"13"	730	8769252	8.3	8.2
	"2004"	"2004"	"Hawaii"	"15"	128	1273569	10.1	9.9
	"2004"	"2004"	"Idaho"	"16"	113	1391802	8.1	8.5
	"2004"	"2004"	"Illinois"	"17"	1080	12589773	8.6	8.6
	"2004"	"2004"	"Indiana"	"18"	606	6233007	9.7	9.9
	"2004"	"2004"	"Iowa"	"19"	132	2953635	4.5	4.6
	"2004"	"2004"	"Kansas"	"20"	238	2734373	8.7	9.0
	"2004"	"2004"	"Kentucky"	"21"	559	4146101	13.5	13.5
	"2004"	"2004"	"Louisiana"	"22"	656	4552238	14.4	14.7
	"2004"	"2004"	"Maine"	"23"	145	1313688	11.0	11.3
	"2004"	"2004"	"Maryland"	"24"	721	5546935	13.0	12.7
	"2004"	"2004"	"Massachusetts"	"25"	704	6412281	11.0	10.8
	"2004"	"2004"	"Michigan"	"26"	1208	10055315	12.0	12.0
	"2004"	"2004"	"Minnesota"	"27"	302	5087713	5.9	5.9
	"2004"	"2004"	"Mississippi"	"28"	245	2889010	8.5	8.9
	"2004"	"2004"	"Missouri"	"29"	574	5747741	10.0	10.2
	"2004"	"2004"	"Montana"	"30"	119	930009	12.8	13.0
	"2004"	"2004"	"Nebraska"	"31"	91	1749370	5.2	5.2
	"2004"	"2004"	"Nevada"	"32"	395	2346222	16.8	16.7
	"2004"	"2004"	"New Hampshire"	"33"	128	1290121	9.9	9.9
	"2004"	"2004"	"New Jersey"	"34"	711	8634561	8.2	8.1
	"2004"	"2004"	"New Mexico"	"35"	331	1903808	17.4	17.8
	"2004"	"2004"	"New York"	"36"	1068	19171567	5.6	5.4
	"2004"	"2004"	"North Carolina"	"37"	918	8553152	10.7	10.7
	"2004"	"2004"	"North Dakota"	"38"	21	644705	3.3	3.1
	"2004"	"2004"	"Ohio"	"39"	1266	11452251	11.1	11.1
	"2004"	"2004"	"Oklahoma"	"40"	527	3525233	14.9	15.4
	"2004"	"2004"	"Oregon"	"41"	482	3569463	13.5	13.2
	"2004"	"2004"	"Pennsylvania"	"42"	1600	12410722	12.9	13.2
	"2004"	"2004"	"Rhode Island"	"44"	109	1074579	10.1	10.1
	"2004"	"2004"	"South Carolina"	"45"	383	4210921	9.1	9.1
	"2004"	"2004"	"South Dakota"	"46"	51	770396	6.6	6.7
	"2004"	"2004"	"Tennessee"	"47"	822	5910809	13.9	13.9
	"2004"	"2004"	"Texas"	"48"	2039	22394023	9.1	9.3
	"2004"	"2004"	"Utah"	"49"	411	2401580	17.1	19.2
	"2004"	"2004"	"Vermont"	"50"	52	619920	8.4	8.3
	"2004"	"2004"	"Virginia"	"51"	595	7475575	8.0	7.8
	"2004"	"2004"	"Washington"	"53"	888	6178645	14.4	14.0
	"2004"	"2004"	"West Virginia"	"54"	347	1816438	19.1	19.5
	"2004"	"2004"	"Wisconsin"	"55"	483	5514026	8.8	8.6
	"2004"	"2004"	"Wyoming"	"56"	64	509106	12.6	12.7
"Total"	"2004"	"2004"			30711	292805298	10.5	10.5
	"2005"	"2005"	"Alabama"	"01"	332	4569805	7.3	7.4
	"2005"	"2005"	"Alaska"	"02"	85	666946	12.7	12.3
	"2005"	"2005"	"Arizona"	"04"	849	5839077	14.5	15.1
	"2005"	"2005"	"Arkansas"	"05"	286	2781097	10.3	10.7
	"2005"	"2005"	"California"	"06"	3821	35827943	10.7	10.7
	"2005"	"2005"	"Colorado"	"08"	640	4631888	13.8	13.4
	"2005"	"2005"	"Connecticut"	"09"	352	3506956	10.0	10.0
	"2005"	"2005"	"Delaware"	"10"	67	845150	7.9	8.2
	"2005"	"2005"	"District of Columbia"	"11"	94	567136	16.6	16.7
	"2005"	"2005"	"Florida"	"12"	2664	17842038	14.9	15.0
	"2005"	"2005"	"Georgia"	"13"	820	8925922	9.2	9.1
	"2005"	"2005"	"Hawaii"	"15"	143	1292729	11.1	10.8
	"2005"	"2005"	"Idaho"	"16"	118	1428241	8.3	8.6
	"2005"	"2005"	"Illinois"	"17"	1140	12609903	9.0	9.0
	"2005"	"2005"	"Indiana"	"18"	665	6278616	10.6	10.7
	"2005"	"2005"	"Iowa"	"19"	154	2964454	5.2	5.3
	"2005"	"2005"	"Kansas"	"20"	284	2745299	10.3	10.6
	"2005"	"2005"	"Kentucky"	"21"	662	4182742	15.8	15.9
	"2005"	"2005"	"Louisiana"	"22"	752	4576628	16.4	16.7
	"2005"	"2005"	"Maine"	"23"	168	1318787	12.7	12.8
	"2005"	"2005"	"Maryland"	"24"	696	5592379	12.4	12.1
	"2005"	"2005"	"Massachusetts"	"25"	867	6403290	13.5	13.3
	"2005"	"2005"	"Michigan"	"26"	1398	10051137	13.9	13.8
	"2005"	"2005"	"Minnesota"	"27"	338	5119598	6.6	6.5
	"2005"	"2005"	"Mississippi"	"28"	263	2905943	9.1	9.3
	"2005"	"2005"	"Missouri"	"29"	640	5790300	11.1	11.2
	"2005"	"2005"	"Montana"	"30"	119	940102	12.7	12.3
	"2005"	"2005"	"Nebraska"	"31"	129	1761497	7.3	7.3
	"2005"	"2005"	"Nevada"	"32"	464	2432143	19.1	19.0
	"2005"	"2005"	"New Hampshire"	"33"	152	1298492	11.7	11.4
	"2005"	"2005"	"New Jersey"	"34"	966	8651974	11.2	11.0
	"2005"	"2005"	"New Mexico"	"35"	385	1932274	19.9	20.7
	"2005"	"2005"	"New York"	"36"	1175	19132610	6.1	5.9
	"2005"	"2005"	"North Carolina"	"37"	1061	8705407	12.2	12.1
	"2005"	"2005"	"North Dakota"	"38"	13	646089	Unreliable	Unreliable
	"2005"	"2005"	"Ohio"	"39"	1382	11463320	12.1	12.1
	"2005"	"2005"	"Oklahoma"	"40"	533	3548597	15.0	15.4
	"2005"	"2005"	"Oregon"	"41"	513	3613202	14.2	13.7
	"2005"	"2005"	"Pennsylvania"	"42"	1680	12449990	13.5	13.7
	"2005"	"2005"	"Rhode Island"	"44"	163	1067916	15.3	14.9
	"2005"	"2005"	"South Carolina"	"45"	486	4270150	11.4	11.3
	"2005"	"2005"	"South Dakota"	"46"	47	775493	6.1	6.3
	"2005"	"2005"	"Tennessee"	"47"	936	5991057	15.6	15.6
	"2005"	"2005"	"Texas"	"48"	2152	22778123	9.4	9.7
	"2005"	"2005"	"Utah"	"49"	481	2457719	19.6	21.6
	"2005"	"2005"	"Vermont"	"50"	55	621215	8.9	8.8
	"2005"	"2005"	"Virginia"	"51"	617	7577105	8.1	8.0
	"2005"	"2005"	"Washington"	"53"	931	6257305	14.9	14.3
	"2005"	"2005"	"West Virginia"	"54"	197	1820492	10.8	11.1
	"2005"	"2005"	"Wisconsin"	"55"	561	5546166	10.1	10.1
	"2005"	"2005"	"Wyoming"	"56"	45	514157	8.8	8.4
"Total"	"2005"	"2005"			33541	295516599	11.3	11.3
	"2006"	"2006"	"Alabama"	"01"	466	4628981	10.1	10.2
	"2006"	"2006"	"Alaska"	"02"	85	675302	12.6	12.6
	"2006"	"2006"	"Arizona"	"04"	959	6029141	15.9	16.4
	"2006"	"2006"	"Arkansas"	"05"	307	2821761	10.9	11.3
	"2006"	"2006"	"California"	"06"	4026	36021202	11.2	11.1
	"2006"	"2006"	"Colorado"	"08"	660	4720423	14.0	13.5
	"2006"	"2006"	"Connecticut"	"09"	458	3517460	13.0	12.9
	"2006"	"2006"	"Delaware"	"10"	83	859268	9.7	9.9
	"2006"	"2006"	"District of Columbia"	"11"	129	570681	22.6	22.7
	"2006"	"2006"	"Florida"	"12"	2928	18166990	16.1	16.1
	"2006"	"2006"	"Georgia"	"13"	912	9155813	10.0	9.9
	"2006"	"2006"	"Hawaii"	"15"	131	1309731	10.0	9.8
	"2006"	"2006"	"Idaho"	"16"	147	1468669	10.0	10.5
	"2006"	"2006"	"Illinois"	"17"	1423	12643955	11.3	11.3
	"2006"	"2006"	"Indiana"	"18"	773	6332669	12.2	12.3
	"2006"	"2006"	"Iowa"	"19"	199	2982644	6.7	6.9
	"2006"	"2006"	"Kansas"	"20"	292	2762931	10.6	10.8
	"2006"	"2006"	"Kentucky"	"21"	766	4219239	18.2	18.2
	"2006"	"2006"	"Louisiana"	"22"	800	4302665	18.6	18.7
	"2006"	"2006"	"Maine"	"23"	166	1323619	12.5	12.5
	"2006"	"2006"	"Maryland"	"24"	805	5627367	14.3	13.9
	"2006"	"2006"	"Massachusetts"	"25"	1021	6410084	15.9	15.5
	"2006"	"2006"	"Michigan"	"26"	1661	10036081	16.6	16.5
	"2006"	"2006"	"Minnesota"	"27"	378	5163555	7.3	7.2
	"2006"	"2006"	"Mississippi"	"28"	368	2904978	12.7	13.2
	"2006"	"2006"	"Missouri"	"29"	765	5842704	13.1	13.3
	"2006"	"2006"	"Montana"	"30"	121	952692	12.7	12.5
	"2006"	"2006"	"Nebraska"	"31"	131	1772693	7.4	7.4
	"2006"	"2006"	"Nevada"	"32"	471	2522658	18.7	18.4
	"2006"	"2006"	"New Hampshire"	"33"	160	1308389	12.2	12.0
	"2006"	"2006"	"New Jersey"	"34"	1009	8661679	11.6	11.4
	"2006"	"2006"	"New Mexico"	"35"	435	1962137	22.2	22.6
	"2006"	"2006"	"New York"	"36"	1949	19104631	10.2	9.9
	"2006"	"2006"	"North Carolina"	"37"	1120	8917270	12.6	12.5
	"2006"	"2006"	"North Dakota"	"38"	16	649422	Unreliable	Unreliable
	"2006"	"2006"	"Ohio"	"39"	1606	11481213	14.0	14.0
	"2006"	"2006"	"Oklahoma"	"40"	619	3594090	17.2	17.7
	"2006"	"2006"	"Oregon"	"41"	584	3670883	15.9	15.5
	"2006"	"2006"	"Pennsylvania"	"42"	1834	12510809	14.7	14.9
	"2006"	"2006"	"Rhode Island"	"44"	179	1063096	16.8	16.7
	"2006"	"2006"	"South Carolina"	"45"	641	4357847	14.7	14.6
	"2006"	"2006"	"South Dakota"	"46"	43	783033	5.5	5.7
	"2006"	"2006"	"Tennessee"	"47"	1030	6088766	16.9	16.9
	"2006"	"2006"	"Texas"	"48"	2452	23359580	10.5	10.7
	"2006"	"2006"	"Utah"	"49"	481	2525507	19.0	21.0
	"2006"	"2006"	"Vermont"	"50"	83	622892	13.3	13.5
	"2006"	"2006"	"Virginia"	"51"	670	7673725	8.7	8.6
	"2006"	"2006"	"Washington"	"53"	970	6370753	15.2	14.7
	"2006"	"2006"	"West Virginia"	"54"	378	1827912	20.7	21.2
	"2006"	"2006"	"Wisconsin"	"55"	642	5577655	11.5	11.5
	"2006"	"2006"	"Wyoming"	"56"	64	522667	12.2	12.1
"Total"	"2006"	"2006"			38396	298379912	12.9	12.8
	"2007"	"2007"	"Alabama"	"01"	554	4672840	11.9	12.0
	"2007"	"2007"	"Alaska"	"02"	75	680300	11.0	10.5
	"2007"	"2007"	"Arizona"	"04"	981	6167681	15.9	16.3
	"2007"	"2007"	"Arkansas"	"05"	326	2848650	11.4	11.8
	"2007"	"2007"	"California"	"06"	4178	36250311	11.5	11.3
	"2007"	"2007"	"Colorado"	"08"	747	4803868	15.5	15.0
	"2007"	"2007"	"Connecticut"	"09"	444	3527270	12.6	12.5
	"2007"	"2007"	"Delaware"	"10"	102	871749	11.7	12.0
	"2007"	"2007"	"District of Columbia"	"11"	90	574404	15.7	15.5
	"2007"	"2007"	"Florida"	"12"	2936	18367842	16.0	16.1
	"2007"	"2007"	"Georgia"	"13"	973	9349988	10.4	10.2
	"2007"	"2007"	"Hawaii"	"15"	142	1315675	10.8	10.5
	"2007"	"2007"	"Idaho"	"16"	133	1505105	8.8	9.1
	"2007"	"2007"	"Illinois"	"17"	1239	12695866	9.8	9.7
	"2007"	"2007"	"Indiana"	"18"	827	6379599	13.0	13.1
	"2007"	"2007"	"Iowa"	"19"	211	2999212	7.0	7.1
	"2007"	"2007"	"Kansas"	"20"	294	2783785	10.6	10.8
	"2007"	"2007"	"Kentucky"	"21"	722	4256672	17.0	17.0
	"2007"	"2007"	"Louisiana"	"22"	862	4375581	19.7	20.1
	"2007"	"2007"	"Maine"	"23"	161	1327040	12.1	12.5
	"2007"	"2007"	"Maryland"	"24"	807	5653408	14.3	13.8
	"2007"	"2007"	"Massachusetts"	"25"	1003	6431559	15.6	15.3
	"2007"	"2007"	"Michigan"	"26"	1542	10001284	15.4	15.2
	"2007"	"2007"	"Minnesota"	"27"	359	5207203	6.9	6.7
	"2007"	"2007"	"Mississippi"	"28"	334	2928350	11.4	11.6
	"2007"	"2007"	"Missouri"	"29"	730	5887612	12.4	12.5
	"2007"	"2007"	"Montana"	"30"	132	964706	13.7	13.4
	"2007"	"2007"	"Nebraska"	"31"	92	1783440	5.2	5.4
	"2007"	"2007"	"Nevada"	"32"	515	2601072	19.8	19.5
	"2007"	"2007"	"New Hampshire"	"33"	187	1312540	14.2	13.9
	"2007"	"2007"	"New Jersey"	"34"	797	8677885	9.2	9.1
	"2007"	"2007"	"New Mexico"	"35"	471	1990070	23.7	23.8
	"2007"	"2007"	"New York"	"36"	1909	19132335	10.0	9.7
	"2007"	"2007"	"North Carolina"	"37"	1125	9118037	12.3	12.3
	"2007"	"2007"	"North Dakota"	"38"	37	652822	5.7	5.4
	"2007"	"2007"	"Ohio"	"39"	1691	11500468	14.7	14.7
	"2007"	"2007"	"Oklahoma"	"40"	687	3634349	18.9	19.4
	"2007"	"2007"	"Oregon"	"41"	564	3722417	15.2	14.7
	"2007"	"2007"	"Pennsylvania"	"42"	1812	12563937	14.4	14.4
	"2007"	"2007"	"Rhode Island"	"44"	142	1057315	13.4	13.1
	"2007"	"2007"	"South Carolina"	"45"	584	4444110	13.1	13.0
	"2007"	"2007"	"South Dakota"	"46"	34	791623	4.3	4.3
	"2007"	"2007"	"Tennessee"	"47"	1035	6175727	16.8	16.7
	"2007"	"2007"	"Texas"	"48"	2343	23831983	9.8	9.9
	"2007"	"2007"	"Utah"	"49"	546	2597746	21.0	23.0
	"2007"	"2007"	"Vermont"	"50"	68	623481	10.9	11.2
	"2007"	"2007"	"Virginia"	"51"	713	7751000	9.2	9.1
	"2007"	"2007"	"Washington"	"53"	1003	6461587	15.5	15.0
	"2007"	"2007"	"West Virginia"	"54"	405	1834052	22.1	22.9
	"2007"	"2007"	"Wisconsin"	"55"	639	5610775	11.4	11.4
	"2007"	"2007"	"Wyoming"	"56"	68	534876	12.7	13.1
"Total"	"2007"	"2007"			38371	301231207	12.7	12.6
	"2008"	"2008"	"Alabama"	"01"	646	4718206	13.7	13.8
	"2008"	"2008"	"Alaska"	"02"	132	687455	19.2	19.0
	"2008"	"2008"	"Arizona"	"04"	853	6280362	13.6	13.9
	"2008"	"2008"	"Arkansas"	"05"	390	2874554	13.6	14.0
	"2008"	"2008"	"California"	"06"	4147	36604337	11.3	11.1
	"2008"	"2008"	"Colorado"	"08"	760	4889730	15.5	15.0
	"2008"	"2008"	"Connecticut"	"09"	397	3545579	11.2	11.0
	"2008"	"2008"	"Delaware"	"10"	125	883874	14.1	14.4
	"2008"	"2008"	"District of Columbia"	"11"	77	580236	13.3	13.3
	"2008"	"2008"	"Florida"	"12"	3097	18527305	16.7	16.9
	"2008"	"2008"	"Georgia"	"13"	977	9504843	10.3	10.2
	"2008"	"2008"	"Hawaii"	"15"	129	1332213	9.7	9.4
	"2008"	"2008"	"Idaho"	"16"	152	1534320	9.9	10.2
	"2008"	"2008"	"Illinois"	"17"	1412	12747038	11.1	11.0
	"2008"	"2008"	"Indiana"	"18"	869	6424806	13.5	13.8
	"2008"	"2008"	"Iowa"	"19"	214	3016734	7.1	7.3
	"2008"	"2008"	"Kansas"	"20"	241	2808076	8.6	8.7
	"2008"	"2008"	"Kentucky"	"21"	779	4289878	18.2	18.3
	"2008"	"2008"	"Louisiana"	"22"	686	4435586	15.5	15.7
	"2008"	"2008"	"Maine"	"23"	162	1330509	12.2	12.3
	"2008"	"2008"	"Maryland"	"24"	731	5684965	12.9	12.4
	"2008"	"2008"	"Massachusetts"	"25"	885	6468967	13.7	13.4
	"2008"	"2008"	"Michigan"	"26"	1575	9946889	15.8	15.7
	"2008"	"2008"	"Minnesota"	"27"	398	5247018	7.6	7.5
	"2008"	"2008"	"Mississippi"	"28"	321	2947806	10.9	11.1
	"2008"	"2008"	"Missouri"	"29"	779	5923916	13.2	13.4
	"2008"	"2008"	"Montana"	"30"	141	976415	14.4	14.8
	"2008"	"2008"	"Nebraska"	"31"	113	1796378	6.3	6.4
	"2008"	"2008"	"Nevada"	"32"	529	2653630	19.9	19.5
	"2008"	"2008"	"New Hampshire"	"33"	129	1315906	9.8	9.6
	"2008"	"2008"	"New Jersey"	"34"	808	8711090	9.3	9.1
	"2008"	"2008"	"New Mexico"	"35"	534	2010662	26.6	27.5
	"2008"	"2008"	"New York"	"36"	1856	19212436	9.7	9.4
	"2008"	"2008"	"North Carolina"	"37"	1217	9309449	13.1	13.0
	"2008"	"2008"	"North Dakota"	"38"	48	657569	7.3	7.7
	"2008"	"2008"	"Ohio"	"39"	1811	11515391	15.7	15.8
	"2008"	"2008"	"Oklahoma"	"40"	585	3668976	15.9	16.2
	"2008"	"2008"	"Oregon"	"41"	521	3768748	13.8	13.5
	"2008"	"2008"	"Pennsylvania"	"42"	1898	12612285	15.0	15.2
	"2008"	"2008"	"Rhode Island"	"44"	193	1055003	18.3	18.1
	"2008"	"2008"	"South Carolina"	"45"	588	4528996	13.0	13.0
	"2008"	"2008"	"South Dakota"	"46"	57	799124	7.1	7.7
	"2008"	"2008"	"Tennessee"	"47"	977	6247411	15.6	15.4
	"2008"	"2008"	"Texas"	"48"	2199	24309039	9.0	9.2
	"2008"	"2008"	"Utah"	"49"	483	2663029	18.1	19.7
	"2008"	"2008"	"Vermont"	"50"	76	624151	12.2	11.3
	"2008"	"2008"	"Virginia"	"51"	730	7833496	9.3	9.2
	"2008"	"2008"	"Washington"	"53"	1058	6562231	16.1	15.5
	"2008"	"2008"	"West Virginia"	"54"	468	1840310	25.4	26.2
	"2008"	"2008"	"Wisconsin"	"55"	622	5640996	11.0	10.9
	"2008"	"2008"	"Wyoming"	"56"	74	546043	13.6	14.0
"Total"	"2008"	"2008"			38649	304093966	12.7	12.6
	"2009"	"2009"	"Alabama"	"01"	688	4757938	14.5	14.8
	"2009"	"2009"	"Alaska"	"02"	133	698895	19.0	18.1
	"2009"	"2009"	"Arizona"	"04"	1041	6343154	16.4	16.7
	"2009"	"2009"	"Arkansas"	"05"	384	2896843	13.3	13.7
	"2009"	"2009"	"California"	"06"	4290	36961229	11.6	11.3
	"2009"	"2009"	"Colorado"	"08"	784	4972195	15.8	15.3
	"2009"	"2009"	"Connecticut"	"09"	397	3561807	11.1	11.1
	"2009"	"2009"	"Delaware"	"10"	139	891730	15.6	15.7
	"2009"	"2009"	"District of Columbia"	"11"	58	592228	9.8	9.5
	"2009"	"2009"	"Florida"	"12"	3193	18652644	17.1	17.2
	"2009"	"2009"	"Georgia"	"13"	1043	9620846	10.8	10.7
	"2009"	"2009"	"Hawaii"	"15"	148	1346717	11.0	10.4
	"2009"	"2009"	"Idaho"	"16"	181	1554439	11.6	12.3
	"2009"	"2009"	"Illinois"	"17"	1427	12796778	11.2	11.1
	"2009"	"2009"	"Indiana"	"18"	929	6459325	14.4	14.5
	"2009"	"2009"	"Iowa"	"19"	213	3032870	7.0	7.3
	"2009"	"2009"	"Kansas"	"20"	318	2832704	11.2	11.5
	"2009"	"2009"	"Kentucky"	"21"	786	4317074	18.2	18.4
	"2009"	"2009"	"Louisiana"	"22"	623	4491648	13.9	14.0
	"2009"	"2009"	"Maine"	"23"	182	1329590	13.7	13.3
	"2009"	"2009"	"Maryland"	"24"	768	5730388	13.4	12.9
	"2009"	"2009"	"Massachusetts"	"25"	916	6517613	14.1	13.7
	"2009"	"2009"	"Michigan"	"26"	1750	9901591	17.7	17.7
	"2009"	"2009"	"Minnesota"	"27"	441	5281203	8.4	8.3
	"2009"	"2009"	"Mississippi"	"28"	345	2958774	11.7	11.9
	"2009"	"2009"	"Missouri"	"29"	881	5961088	14.8	15.0
	"2009"	"2009"	"Montana"	"30"	147	983982	14.9	15.0
	"2009"	"2009"	"Nebraska"	"31"	118	1812683	6.5	6.5
	"2009"	"2009"	"Nevada"	"32"	555	2684665	20.7	20.2
	"2009"	"2009"	"New Hampshire"	"33"	172	1316102	13.1	12.8
	"2009"	"2009"	"New Jersey"	"34"	343	8755602	3.9	3.9
	"2009"	"2009"	"New Mexico"	"35"	447	2036802	21.9	22.5
	"2009"	"2009"	"New York"	"36"	1797	19307066	9.3	9.0
	"2009"	"2009"	"North Carolina"	"37"	1223	9449566	12.9	12.9
	"2009"	"2009"	"North Dakota"	"38"	28	664968	4.2	4.5
	"2009"	"2009"	"Ohio"	"39"	1340	11528896	11.6	11.8
	"2009"	"2009"	"Oklahoma"	"40"	766	3717572	20.6	20.9
	"2009"	"2009"	"Oregon"	"41"	576	3808600	15.1	14.6
	"2009"	"2009"	"Pennsylvania"	"42"	1983	12666858	15.7	15.8
	"2009"	"2009"	"Rhode Island"	"44"	168	1053646	15.9	15.4
	"2009"	"2009"	"South Carolina"	"45"	631	4589872	13.7	13.6
	"2009"	"2009"	"South Dakota"	"46"	51	807067	6.3	6.9
	"2009"	"2009"	"Tennessee"	"47"	1000	6306019	15.9	15.7
	"2009"	"2009"	"Texas"	"48"	2509	24801761	10.1	10.2
	"2009"	"2009"	"Utah"	"49"	508	2723421	18.7	20.5
	"2009"	"2009"	"Vermont"	"50"	57	624817	9.1	8.6
	"2009"	"2009"	"Virginia"	"51"	700	7925937	8.8	8.7
	"2009"	"2009"	"Washington"	"53"	1031	6667426	15.5	14.9
	"2009"	"2009"	"West Virginia"	"54"	235	1847775	12.7	12.9
	"2009"	"2009"	"Wisconsin"	"55"	641	5669264	11.3	11.1
	"2009"	"2009"	"Wyoming"	"56"	63	559851	11.3	11.5
"Total"	"2009"	"2009"			39147	306771529	12.8	12.6
	"2010"	"2010"	"Alabama"	"01"	585	4779736	12.2	12.6
	"2010"	"2010"	"Alaska"	"02"	84	710231	11.8	11.9
	"2010"	"2010"	"Arizona"	"04"	1141	6392017	17.9	18.2
	"2010"	"2010"	"Arkansas"	"05"	374	2915918	12.8	13.3
	"2010"	"2010"	"California"	"06"	4258	37253956	11.4	11.1
	"2010"	"2010"	"Colorado"	"08"	676	5029196	13.4	13.1
	"2010"	"2010"	"Connecticut"	"09"	372	3574097	10.4	10.3
	"2010"	"2010"	"Delaware"	"10"	147	897934	16.4	16.8
	"2010"	"2010"	"District of Columbia"	"11"	90	601723	15.0	15.0
	"2010"	"2010"	"Florida"	"12"	3181	18801310	16.9	17.0
	"2010"	"2010"	"Georgia"	"13"	1124	9687653	11.6	11.4
	"2010"	"2010"	"Hawaii"	"15"	154	1360301	11.3	11.1
	"2010"	"2010"	"Idaho"	"16"	184	1567582	11.7	12.2
	"2010"	"2010"	"Illinois"	"17"	1344	12830632	10.5	10.4
	"2010"	"2010"	"Indiana"	"18"	964	6483802	14.9	14.9
	"2010"	"2010"	"Iowa"	"19"	258	3046355	8.5	8.8
	"2010"	"2010"	"Kansas"	"20"	288	2853118	10.1	10.2
	"2010"	"2010"	"Kentucky"	"21"	1036	4339367	23.9	24.2
	"2010"	"2010"	"Louisiana"	"22"	616	4533372	13.6	13.7
	"2010"	"2010"	"Maine"	"23"	140	1328361	10.5	10.7
	"2010"	"2010"	"Maryland"	"24"	674	5773552	11.7	11.4
	"2010"	"2010"	"Massachusetts"	"25"	836	6547629	12.8	12.5
	"2010"	"2010"	"Michigan"	"26"	1723	9883640	17.4	17.3
	"2010"	"2010"	"Minnesota"	"27"	427	5303925	8.1	7.9
	"2010"	"2010"	"Mississippi"	"28"	353	2967297	11.9	12.0
	"2010"	"2010"	"Missouri"	"29"	1024	5988927	17.1	17.4
	"2010"	"2010"	"Montana"	"30"	123	989415	12.4	13.3
	"2010"	"2010"	"Nebraska"	"31"	130	1826341	7.1	7.3
	"2010"	"2010"	"Nevada"	"32"	581	2700551	21.5	20.8
	"2010"	"2010"	"New Hampshire"	"33"	164	1316470	12.5	12.1
	"2010"	"2010"	"New Jersey"	"34"	903	8791894	10.3	10.1
	"2010"	"2010"	"New Mexico"	"35"	487	2059179	23.7	24.3
	"2010"	"2010"	"New York"	"36"	1760	19378102	9.1	8.8
	"2010"	"2010"	"North Carolina"	"37"	1125	9535483	11.8	11.7
	"2010"	"2010"	"North Dakota"	"38"	26	672591	3.9	3.9
	"2010"	"2010"	"Ohio"	"39"	1911	11536504	16.6	16.7
	"2010"	"2010"	"Oklahoma"	"40"	728	3751351	19.4	19.7
	"2010"	"2010"	"Oregon"	"41"	576	3831074	15.0	14.6
	"2010"	"2010"	"Pennsylvania"	"42"	1980	12702379	15.6	15.8
	"2010"	"2010"	"Rhode Island"	"44"	176	1052567	16.7	16.3
	"2010"	"2010"	"South Carolina"	"45"	697	4625364	15.1	15.0
	"2010"	"2010"	"South Dakota"	"46"	48	814180	5.9	6.6
	"2010"	"2010"	"Tennessee"	"47"	1132	6346105	17.8	17.7
	"2010"	"2010"	"Texas"	"48"	2492	25145561	9.9	10.0
	"2010"	"2010"	"Utah"	"49"	457	2763885	16.5	17.9
	"2010"	"2010"	"Vermont"	"50"	68	625741	10.9	10.3
	"2010"	"2010"	"Virginia"	"51"	571	8001024	7.1	7.0
	"2010"	"2010"	"Washington"	"53"	962	6724540	14.3	13.8
	"2010"	"2010"	"West Virginia"	"54"	520	1852994	28.1	29.3
	"2010"	"2010"	"Wisconsin"	"55"	635	5686986	11.2	11.0
	"2010"	"2010"	"Wyoming"	"56"	88	563626	15.6	15.5
"Total"	"2010"	"2010"			40393	308745538	13.1	12.9
	"2011"	"2011"	"Alabama"	"01"	605	4802740	12.6	12.9
	"2011"	"2011"	"Alaska"	"02"	107	722718	14.8	14.2
	"2011"	"2011"	"Arizona"	"04"	1118	6482505	17.2	17.5
	"2011"	"2011"	"Arkansas"	"05"	375	2937979	12.8	13.3
	"2011"	"2011"	"California"	"06"	4429	37691912	11.8	11.4
	"2011"	"2011"	"Colorado"	"08"	852	5116796	16.7	16.3
	"2011"	"2011"	"Connecticut"	"09"	416	3580709	11.6	11.6
	"2011"	"2011"	"Delaware"	"10"	166	907135	18.3	18.3
	"2011"	"2011"	"District of Columbia"	"11"	94	617996	15.2	14.7
	"2011"	"2011"	"Florida"	"12"	3033	19057542	15.9	16.0
	"2011"	"2011"	"Georgia"	"13"	1112	9815210	11.3	11.2
	"2011"	"2011"	"Hawaii"	"15"	189	1374810	13.7	13.0
	"2011"	"2011"	"Idaho"	"16"	199	1584985	12.6	13.2
	"2011"	"2011"	"Illinois"	"17"	1459	12869257	11.3	11.3
	"2011"	"2011"	"Indiana"	"18"	1006	6516922	15.4	15.8
	"2011"	"2011"	"Iowa"	"19"	265	3062309	8.7	9.0
	"2011"	"2011"	"Kansas"	"20"	317	2871238	11.0	11.4
	"2011"	"2011"	"Kentucky"	"21"	1099	4369356	25.2	26.0
	"2011"	"2011"	"Louisiana"	"22"	618	4574836	13.5	13.9
	"2011"	"2011"	"Maine"	"23"	160	1328188	12.0	12.1
	"2011"	"2011"	"Maryland"	"24"	731	5828289	12.5	12.1
	"2011"	"2011"	"Massachusetts"	"25"	1017	6587536	15.4	15.1
	"2011"	"2011"	"Michigan"	"26"	1702	9876187	17.2	17.5
	"2011"	"2011"	"Minnesota"	"27"	557	5344861	10.4	10.1
	"2011"	"2011"	"Mississippi"	"28"	317	2978512	10.6	11.2
	"2011"	"2011"	"Missouri"	"29"	990	6010688	16.5	16.9
	"2011"	"2011"	"Montana"	"30"	150	998199	15.0	15.3
	"2011"	"2011"	"Nebraska"	"31"	148	1842641	8.0	8.0
	"2011"	"2011"	"Nevada"	"32"	642	2723322	23.6	23.0
	"2011"	"2011"	"New Hampshire"	"33"	212	1318194	16.1	15.5
	"2011"	"2011"	"New Jersey"	"34"	1042	8821155	11.8	11.6
	"2011"	"2011"	"New Mexico"	"35"	537	2082224	25.8	26.7
	"2011"	"2011"	"New York"	"36"	2149	19465197	11.0	10.6
	"2011"	"2011"	"North Carolina"	"37"	1303	9656401	13.5	13.4
	"2011"	"2011"	"North Dakota"	"38"	22	683932	3.2	2.9
	"2011"	"2011"	"Ohio"	"39"	2127	11544951	18.4	18.6
	"2011"	"2011"	"Oklahoma"	"40"	715	3791508	18.9	19.2
	"2011"	"2011"	"Oregon"	"41"	596	3871859	15.4	14.9
	"2011"	"2011"	"Pennsylvania"	"42"	2342	12742886	18.4	18.7
	"2011"	"2011"	"Rhode Island"	"44"	193	1051302	18.4	18.0
	"2011"	"2011"	"South Carolina"	"45"	641	4679230	13.7	13.8
	"2011"	"2011"	"South Dakota"	"46"	60	824082	7.3	7.5
	"2011"	"2011"	"Tennessee"	"47"	1123	6403353	17.5	17.7
	"2011"	"2011"	"Texas"	"48"	2690	25674681	10.5	10.5
	"2011"	"2011"	"Utah"	"49"	520	2817222	18.5	20.1
	"2011"	"2011"	"Vermont"	"50"	87	626431	13.9	13.4
	"2011"	"2011"	"Virginia"	"51"	817	8096604	10.1	10.0
	"2011"	"2011"	"Washington"	"53"	1050	6830038	15.4	14.8
	"2011"	"2011"	"West Virginia"	"54"	645	1855364	34.8	36.8
	"2011"	"2011"	"Wisconsin"	"55"	712	5711767	12.5	12.3
	"2011"	"2011"	"Wyoming"	"56"	88	568158	15.5	15.7
"Total"	"2011"	"2011"			43544	311591917	14.0	13.9
	"2012"	"2012"	"Alabama"	"01"	632	4822023	13.1	13.6
	"2012"	"2012"	"Alaska"	"02"	132	731449	18.0	17.8
	"2012"	"2012"	"Arizona"	"04"	1206	6553255	18.4	18.8
	"2012"	"2012"	"Arkansas"	"05"	398	2949131	13.5	13.9
	"2012"	"2012"	"California"	"06"	4304	38041430	11.3	10.9
	"2012"	"2012"	"Colorado"	"08"	826	5187582	15.9	15.3
	"2012"	"2012"	"Connecticut"	"09"	451	3590347	12.6	12.4
	"2012"	"2012"	"Delaware"	"10"	150	917092	16.4	16.2
	"2012"	"2012"	"District of Columbia"	"11"	85	632323	13.4	13.7
	"2012"	"2012"	"Florida"	"12"	2697	19317568	14.0	13.8
	"2012"	"2012"	"Georgia"	"13"	1115	9919945	11.2	11.1
	"2012"	"2012"	"Hawaii"	"15"	159	1392313	11.4	11.2
	"2012"	"2012"	"Idaho"	"16"	188	1595728	11.8	12.3
	"2012"	"2012"	"Illinois"	"17"	1667	12875255	12.9	12.8
	"2012"	"2012"	"Indiana"	"18"	1056	6537334	16.2	16.7
	"2012"	"2012"	"Iowa"	"19"	268	3074186	8.7	8.9
	"2012"	"2012"	"Kansas"	"20"	341	2885905	11.8	12.2
	"2012"	"2012"	"Kentucky"	"21"	1126	4380415	25.7	26.1
	"2012"	"2012"	"Louisiana"	"22"	588	4601893	12.8	12.8
	"2012"	"2012"	"Maine"	"23"	157	1329192	11.8	12.0
	"2012"	"2012"	"Maryland"	"24"	860	5884563	14.6	14.2
	"2012"	"2012"	"Massachusetts"	"25"	976	6646144	14.7	14.4
	"2012"	"2012"	"Michigan"	"26"	1623	9883360	16.4	16.7
	"2012"	"2012"	"Minnesota"	"27"	539	5379139	10.0	9.8
	"2012"	"2012"	"Mississippi"	"28"	328	2984926	11.0	11.3
	"2012"	"2012"	"Missouri"	"29"	961	6021988	16.0	16.5
	"2012"	"2012"	"Montana"	"30"	129	1005141	12.8	13.2
	"2012"	"2012"	"Nebraska"	"31"	154	1855525	8.3	8.3
	"2012"	"2012"	"Nevada"	"32"	611	2758931	22.1	21.3
	"2012"	"2012"	"New Hampshire"	"33"	177	1320718	13.4	13.7
	"2012"	"2012"	"New Jersey"	"34"	1268	8864590	14.3	14.2
	"2012"	"2012"	"New Mexico"	"35"	502	2085538	24.1	25.1
	"2012"	"2012"	"New York"	"36"	2262	19570261	11.6	11.1
	"2012"	"2012"	"North Carolina"	"37"	1346	9752073	13.8	13.8
	"2012"	"2012"	"North Dakota"	"38"	27	699628	3.9	4.0
	"2012"	"2012"	"Ohio"	"39"	2207	11544225	19.1	19.6
	"2012"	"2012"	"Oklahoma"	"40"	782	3814820	20.5	20.9
	"2012"	"2012"	"Oregon"	"41"	568	3899353	14.6	14.2
	"2012"	"2012"	"Pennsylvania"	"42"	2459	12763536	19.3	19.6
	"2012"	"2012"	"Rhode Island"	"44"	201	1050292	19.1	18.7
	"2012"	"2012"	"South Carolina"	"45"	611	4723723	12.9	12.9
	"2012"	"2012"	"South Dakota"	"46"	45	833354	5.4	5.9
	"2012"	"2012"	"Tennessee"	"47"	1221	6456243	18.9	18.9
	"2012"	"2012"	"Texas"	"48"	2546	26059203	9.8	9.8
	"2012"	"2012"	"Utah"	"49"	612	2855287	21.4	23.5
	"2012"	"2012"	"Vermont"	"50"	81	626011	12.9	12.5
	"2012"	"2012"	"Virginia"	"51"	755	8185867	9.2	9.2
	"2012"	"2012"	"Washington"	"53"	1033	6897012	15.0	14.3
	"2012"	"2012"	"West Virginia"	"54"	576	1855413	31.0	32.9
	"2012"	"2012"	"Wisconsin"	"55"	714	5726398	12.5	12.6
	"2012"	"2012"	"Wyoming"	"56"	99	576412	17.2	16.9
"Total"	"2012"	"2012"			43819	313914040	14.0	13.8
	"2013"	"2013"	"Alabama"	"01"	648	4833722	13.4	13.8
	"2013"	"2013"	"Alaska"	"02"	110	735132	15.0	15.1
	"2013"	"2013"	"Arizona"	"04"	1304	6626624	19.7	19.9
	"2013"	"2013"	"Arkansas"	"05"	343	2959373	11.6	11.8
	"2013"	"2013"	"California"	"06"	4747	38332521	12.4	11.9
	"2013"	"2013"	"Colorado"	"08"	864	5268367	16.4	15.9
	"2013"	"2013"	"Connecticut"	"09"	600	3596080	16.7	16.4
	"2013"	"2013"	"Delaware"	"10"	170	925749	18.4	19.1
	"2013"	"2013"	"District of Columbia"	"11"	113	646449	17.5	16.6
	"2013"	"2013"	"Florida"	"12"	2603	19552860	13.3	13.2
	"2013"	"2013"	"Georgia"	"13"	1160	9992167	11.6	11.4
	"2013"	"2013"	"Hawaii"	"15"	167	1404054	11.9	11.5
	"2013"	"2013"	"Idaho"	"16"	217	1612136	13.5	13.9
	"2013"	"2013"	"Illinois"	"17"	1607	12882135	12.5	12.3
	"2013"	"2013"	"Indiana"	"18"	1122	6570902	17.1	17.5
	"2013"	"2013"	"Iowa"	"19"	287	3090416	9.3	9.7
	"2013"	"2013"	"Kansas"	"20"	356	2893957	12.3	12.8
	"2013"	"2013"	"Kentucky"	"21"	1049	4395295	23.9	24.3
	"2013"	"2013"	"Louisiana"	"22"	836	4625470	18.1	18.4
	"2013"	"2013"	"Maine"	"23"	183	1328302	13.8	13.9
	"2013"	"2013"	"Maryland"	"24"	908	5928814	15.3	14.9
	"2013"	"2013"	"Massachusetts"	"25"	1200	6692824	17.9	17.7
	"2013"	"2013"	"Michigan"	"26"	1812	9895622	18.3	18.5
	"2013"	"2013"	"Minnesota"	"27"	579	5420380	10.7	10.5
	"2013"	"2013"	"Mississippi"	"28"	327	2991207	10.9	11.2
	"2013"	"2013"	"Missouri"	"29"	1041	6044171	17.2	17.7
	"2013"	"2013"	"Montana"	"30"	156	1015165	15.4	16.2
	"2013"	"2013"	"Nebraska"	"31"	137	1868516	7.3	7.5
	"2013"	"2013"	"Nevada"	"32"	622	2790136	22.3	21.4
	"2013"	"2013"	"New Hampshire"	"33"	217	1323459	16.4	16.1
	"2013"	"2013"	"New Jersey"	"34"	1331	8899339	15.0	14.9
	"2013"	"2013"	"New Mexico"	"35"	471	2085287	22.6	23.3
	"2013"	"2013"	"New York"	"36"	2483	19651127	12.6	12.1
	"2013"	"2013"	"North Carolina"	"37"	1308	9848060	13.3	13.4
	"2013"	"2013"	"North Dakota"	"38"	27	723393	3.7	3.8
	"2013"	"2013"	"Ohio"	"39"	2450	11570808	21.2	21.6
	"2013"	"2013"	"Oklahoma"	"40"	800	3850568	20.8	20.9
	"2013"	"2013"	"Oregon"	"41"	545	3930065	13.9	13.3
	"2013"	"2013"	"Pennsylvania"	"42"	2525	12773801	19.8	20.1
	"2013"	"2013"	"Rhode Island"	"44"	252	1051511	24.0	23.3
	"2013"	"2013"	"South Carolina"	"45"	648	4774839	13.6	13.5
	"2013"	"2013"	"South Dakota"	"46"	57	844877	6.7	7.1
	"2013"	"2013"	"Tennessee"	"47"	1284	6495978	19.8	19.5
	"2013"	"2013"	"Texas"	"48"	2606	26448193	9.9	9.9
	"2013"	"2013"	"Utah"	"49"	612	2900872	21.1	22.8
	"2013"	"2013"	"Vermont"	"50"	99	626630	15.8	15.9
	"2013"	"2013"	"Virginia"	"51"	890	8260405	10.8	10.6
	"2013"	"2013"	"Washington"	"53"	1042	6971406	14.9	14.5
	"2013"	"2013"	"West Virginia"	"54"	583	1854304	31.4	32.9
	"2013"	"2013"	"Wisconsin"	"55"	874	5742713	15.2	15.3
	"2013"	"2013"	"Wyoming"	"56"	99	582658	17.0	17.4
"Total"	"2013"	"2013"			46471	316128839	14.7	14.6
	"2014"	"2014"	"Alabama"	"01"	800	4849377	16.5	16.7
	"2014"	"2014"	"Alaska"	"02"	127	736732	17.2	17.1
	"2014"	"2014"	"Arizona"	"04"	1274	6731484	18.9	19.1
	"2014"	"2014"	"Arkansas"	"05"	377	2966369	12.7	13.3
	"2014"	"2014"	"California"	"06"	4816	38802500	12.4	11.8
	"2014"	"2014"	"Colorado"	"08"	917	5355866	17.1	16.6
	"2014"	"2014"	"Connecticut"	"09"	639	3596677	17.8	18.1
	"2014"	"2014"	"Delaware"	"10"	204	935614	21.8	22.6
	"2014"	"2014"	"District of Columbia"	"11"	106	658893	16.1	15.7
	"2014"	"2014"	"Florida"	"12"	2804	19893297	14.1	14.0
	"2014"	"2014"	"Georgia"	"13"	1268	10097343	12.6	12.5
	"2014"	"2014"	"Hawaii"	"15"	174	1419561	12.3	12.0
	"2014"	"2014"	"Idaho"	"16"	218	1634464	13.3	14.1
	"2014"	"2014"	"Illinois"	"17"	1736	12880580	13.5	13.3
	"2014"	"2014"	"Indiana"	"18"	1233	6596855	18.7	19.2
	"2014"	"2014"	"Iowa"	"19"	273	3107126	8.8	9.1
	"2014"	"2014"	"Kansas"	"20"	349	2904021	12.0	12.3
	"2014"	"2014"	"Kentucky"	"21"	1128	4413457	25.6	26.0
	"2014"	"2014"	"Louisiana"	"22"	810	4649676	17.4	17.6
	"2014"	"2014"	"Maine"	"23"	227	1330089	17.1	17.7
	"2014"	"2014"	"Maryland"	"24"	1095	5976407	18.3	17.8
	"2014"	"2014"	"Massachusetts"	"25"	1402	6745408	20.8	20.7
	"2014"	"2014"	"Michigan"	"26"	2048	9909877	20.7	21.0
	"2014"	"2014"	"Minnesota"	"27"	586	5457173	10.7	10.7
	"2014"	"2014"	"Mississippi"	"28"	361	2994079	12.1	12.5
	"2014"	"2014"	"Missouri"	"29"	1107	6063589	18.3	18.9
	"2014"	"2014"	"Montana"	"30"	145	1023579	14.2	14.4
	"2014"	"2014"	"Nebraska"	"31"	140	1881503	7.4	7.9
	"2014"	"2014"	"Nevada"	"32"	555	2839099	19.5	18.8
	"2014"	"2014"	"New Hampshire"	"33"	348	1326813	26.2	27.3
	"2014"	"2014"	"New Jersey"	"34"	1303	8938175	14.6	14.5
	"2014"	"2014"	"New Mexico"	"35"	559	2085572	26.8	27.9
	"2014"	"2014"	"New York"	"36"	2510	19746227	12.7	12.3
	"2014"	"2014"	"North Carolina"	"37"	1435	9943964	14.4	14.5
	"2014"	"2014"	"North Dakota"	"38"	48	739482	6.5	6.9
	"2014"	"2014"	"Ohio"	"39"	2832	11594163	24.4	25.4
	"2014"	"2014"	"Oklahoma"	"40"	809	3878051	20.9	21.2
	"2014"	"2014"	"Oregon"	"41"	617	3970239	15.5	14.9
	"2014"	"2014"	"Pennsylvania"	"42"	2829	12787209	22.1	22.6
	"2014"	"2014"	"Rhode Island"	"44"	253	1055173	24.0	23.9
	"2014"	"2014"	"South Carolina"	"45"	726	4832482	15.0	14.9
	"2014"	"2014"	"South Dakota"	"46"	70	853175	8.2	8.6
	"2014"	"2014"	"Tennessee"	"47"	1330	6549352	20.3	20.4
	"2014"	"2014"	"Texas"	"48"	2727	26956958	10.1	10.1
	"2014"	"2014"	"Utah"	"49"	617	2942902	21.0	23.0
	"2014"	"2014"	"Vermont"	"50"	90	626562	14.4	15.0
	"2014"	"2014"	"Virginia"	"51"	1002	8326289	12.0	12.0
	"2014"	"2014"	"Washington"	"53"	1058	7061530	15.0	14.4
	"2014"	"2014"	"West Virginia"	"54"	646	1850326	34.9	36.4
	"2014"	"2014"	"Wisconsin"	"55"	874	5757564	15.2	15.4
	"2014"	"2014"	"Wyoming"	"56"	112	584153	19.2	19.9
"Total"	"2014"	"2014"			49714	318857056	15.6	15.5
	"2015"	"2015"	"Alabama"	"01"	810	4858979	16.7	17.2
	"2015"	"2015"	"Alaska"	"02"	127	738432	17.2	16.8
	"2015"	"2015"	"Arizona"	"04"	1351	6828065	19.8	20.1
	"2015"	"2015"	"Arkansas"	"05"	425	2978204	14.3	14.9
	"2015"	"2015"	"California"	"06"	5025	39144818	12.8	12.2
	"2015"	"2015"	"Colorado"	"08"	893	5456574	16.4	15.8
	"2015"	"2015"	"Connecticut"	"09"	827	3590886	23.0	22.8
	"2015"	"2015"	"Delaware"	"10"	208	945934	22.0	23.0
	"2015"	"2015"	"District of Columbia"	"11"	130	672228	19.3	19.2
	"2015"	"2015"	"Florida"	"12"	3377	20271272	16.7	16.9
	"2015"	"2015"	"Georgia"	"13"	1370	10214860	13.4	13.3
	"2015"	"2015"	"Hawaii"	"15"	175	1431603	12.2	11.8
	"2015"	"2015"	"Idaho"	"16"	224	1654930	13.5	14.6
	"2015"	"2015"	"Illinois"	"17"	1872	12859995	14.6	14.4
	"2015"	"2015"	"Indiana"	"18"	1310	6619680	19.8	20.5
	"2015"	"2015"	"Iowa"	"19"	332	3123899	10.6	11.0
	"2015"	"2015"	"Kansas"	"20"	349	2911641	12.0	12.5
	"2015"	"2015"	"Kentucky"	"21"	1332	4425092	30.1	31.3
	"2015"	"2015"	"Louisiana"	"22"	901	4670724	19.3	19.9
	"2015"	"2015"	"Maine"	"23"	278	1329328	20.9	22.0
	"2015"	"2015"	"Maryland"	"24"	1320	6006401	22.0	21.4
	"2015"	"2015"	"Massachusetts"	"25"	1851	6794422	27.2	27.5
	"2015"	"2015"	"Michigan"	"26"	2316	9922576	23.3	23.9
	"2015"	"2015"	"Minnesota"	"27"	653	5489594	11.9	11.7
	"2015"	"2015"	"Mississippi"	"28"	369	2992333	12.3	13.0
	"2015"	"2015"	"Missouri"	"29"	1098	6083672	18.0	18.4
	"2015"	"2015"	"Montana"	"30"	152	1032949	14.7	15.2
	"2015"	"2015"	"Nebraska"	"31"	139	1896190	7.3	7.6
	"2015"	"2015"	"Nevada"	"32"	629	2890845	21.8	20.7
	"2015"	"2015"	"New Hampshire"	"33"	433	1330608	32.5	35.3
	"2015"	"2015"	"New Jersey"	"34"	1506	8958013	16.8	16.9
	"2015"	"2015"	"New Mexico"	"35"	516	2085109	24.7	26.0
	"2015"	"2015"	"New York"	"36"	3009	19795791	15.2	14.7
	"2015"	"2015"	"North Carolina"	"37"	1636	10042802	16.3	16.4
	"2015"	"2015"	"North Dakota"	"38"	65	756927	8.6	9.1
	"2015"	"2015"	"Ohio"	"39"	3418	11613423	29.4	30.9
	"2015"	"2015"	"Oklahoma"	"40"	751	3911338	19.2	19.7
	"2015"	"2015"	"Oregon"	"41"	609	4028977	15.1	14.2
	"2015"	"2015"	"Pennsylvania"	"42"	3376	12802503	26.4	27.1
	"2015"	"2015"	"Rhode Island"	"44"	318	1056298	30.1	28.9
	"2015"	"2015"	"South Carolina"	"45"	793	4896146	16.2	16.3
	"2015"	"2015"	"South Dakota"	"46"	72	858469	8.4	9.3
	"2015"	"2015"	"Tennessee"	"47"	1546	6600299	23.4	23.5
	"2015"	"2015"	"Texas"	"48"	2732	27469114	9.9	9.9
	"2015"	"2015"	"Utah"	"49"	667	2995919	22.3	24.2
	"2015"	"2015"	"Vermont"	"50"	111	626042	17.7	18.5
	"2015"	"2015"	"Virginia"	"51"	1070	8382993	12.8	12.7
	"2015"	"2015"	"Washington"	"53"	1189	7170351	16.6	16.0
	"2015"	"2015"	"West Virginia"	"54"	750	1844128	40.7	42.9
	"2015"	"2015"	"Wisconsin"	"55"	894	5771337	15.5	15.7
	"2015"	"2015"	"Wyoming"	"56"	99	586107	16.9	16.8
"Total"	"2015"	"2015"			55403	321418820	17.2	17.2
	"2016"	"2016"	"Alabama"	"01"	855	4863300	17.6	18.0
	"2016"	"2016"	"Alaska"	"02"	138	741894	18.6	18.1
	"2016"	"2016"	"Arizona"	"04"	1500	6931071	21.6	21.9
	"2016"	"2016"	"Arkansas"	"05"	423	2988248	14.2	14.7
	"2016"	"2016"	"California"	"06"	5094	39250017	13.0	12.3
	"2016"	"2016"	"Colorado"	"08"	973	5540545	17.6	17.1
	"2016"	"2016"	"Connecticut"	"09"	997	3576452	27.9	28.1
	"2016"	"2016"	"Delaware"	"10"	288	952065	30.3	31.4
	"2016"	"2016"	"District of Columbia"	"11"	276	681170	40.5	39.9
	"2016"	"2016"	"Florida"	"12"	4963	20612439	24.1	24.9
	"2016"	"2016"	"Georgia"	"13"	1461	10310371	14.2	14.0
	"2016"	"2016"	"Hawaii"	"15"	207	1428557	14.5	13.8
	"2016"	"2016"	"Idaho"	"16"	260	1683140	15.4	16.1
	"2016"	"2016"	"Illinois"	"17"	2455	12801539	19.2	19.2
	"2016"	"2016"	"Indiana"	"18"	1574	6633053	23.7	24.7
	"2016"	"2016"	"Iowa"	"19"	338	3134693	10.8	11.2
	"2016"	"2016"	"Kansas"	"20"	333	2907289	11.5	11.8
	"2016"	"2016"	"Kentucky"	"21"	1525	4436974	34.4	36.1
	"2016"	"2016"	"Louisiana"	"22"	1036	4681666	22.1	22.7
	"2016"	"2016"	"Maine"	"23"	369	1331479	27.7	29.9
	"2016"	"2016"	"Maryland"	"24"	2089	6016447	34.7	34.0
	"2016"	"2016"	"Massachusetts"	"25"	2379	6811779	34.9	35.2
	"2016"	"2016"	"Michigan"	"26"	2701	9928300	27.2	28.0
	"2016"	"2016"	"Minnesota"	"27"	750	5519952	13.6	13.6
	"2016"	"2016"	"Mississippi"	"28"	374	2988726	12.5	12.9
	"2016"	"2016"	"Missouri"	"29"	1418	6093000	23.3	24.3
	"2016"	"2016"	"Montana"	"30"	136	1042520	13.0	13.4
	"2016"	"2016"	"Nebraska"	"31"	146	1907116	7.7	7.7
	"2016"	"2016"	"Nevada"	"32"	678	2940058	23.1	22.1
	"2016"	"2016"	"New Hampshire"	"33"	495	1334795	37.1	40.1
	"2016"	"2016"	"New Jersey"	"34"	2132	8944469	23.8	23.9
	"2016"	"2016"	"New Mexico"	"35"	525	2081015	25.2	26.3
	"2016"	"2016"	"New York"	"36"	3894	19745289	19.7	19.2
	"2016"	"2016"	"North Carolina"	"37"	2040	10146788	20.1	20.5
	"2016"	"2016"	"North Dakota"	"38"	86	757952	11.3	11.7
	"2016"	"2016"	"Ohio"	"39"	4477	11614373	38.5	40.4
	"2016"	"2016"	"Oklahoma"	"40"	840	3923561	21.4	22.2
	"2016"	"2016"	"Oregon"	"41"	651	4093465	15.9	15.0
	"2016"	"2016"	"Pennsylvania"	"42"	4762	12784227	37.2	38.8
	"2016"	"2016"	"Rhode Island"	"44"	330	1056426	31.2	31.1
	"2016"	"2016"	"South Carolina"	"45"	927	4961119	18.7	19.0
	"2016"	"2016"	"South Dakota"	"46"	75	865454	8.7	9.1
	"2016"	"2016"	"Tennessee"	"47"	1740	6651194	26.2	26.2
	"2016"	"2016"	"Texas"	"48"	2965	27862596	10.6	10.6
	"2016"	"2016"	"Utah"	"49"	685	3051217	22.5	24.1
	"2016"	"2016"	"Vermont"	"50"	131	624594	21.0	23.3
	"2016"	"2016"	"Virginia"	"51"	1444	8411808	17.2	17.2
	"2016"	"2016"	"Washington"	"53"	1212	7288000	16.6	15.9
	"2016"	"2016"	"West Virginia"	"54"	912	1831102	49.8	53.7
	"2016"	"2016"	"Wisconsin"	"55"	1103	5778708	19.1	19.8
	"2016"	"2016"	"Wyoming"	"56"	103	585501	17.6	18.3
"Total"	"2016"	"2016"			67265	323127513	20.8	20.8
"Total"					680740	5435746389	12.5	12.5
"---"
"Dataset: Underlying Cause of Death, 1999-2016"
"Query Parameters:"
"Title:"
"2013 Urbanization: All"
"Autopsy: All"
"Drug/Alcohol Induced Causes: Drug-induced causes"
"Gender: All"
"Hispanic Origin: All"
"Place of Death: All"
"Race: All"
"States: All"
"Ten-Year Age Groups: All"
"Weekday: All"
"Year/Month: All"
"Group By: Year, State"
"Show Totals: True"
"Show Zero Values: False"
"Show Suppressed: False"
"Standard Population: 2000 U.S. Std. Population"
"Calculate Rates Per: 100,000"
"Rate Options: Default intercensal populations for years 2001-2009 (except Infant Age Groups)"
"---"
"Help: See http://wonder.cdc.gov/wonder/help/ucd.html for more information."
"---"
"Query Date: Jan 17, 2018 12:09:20 PM"
"---"
"Suggested Citation: Centers for Disease Control and Prevention, National Center for Health Statistics. Underlying Cause of Death"
"1999-2016 on CDC WONDER Online Database, released December, 2017. Data are from the Multiple Cause of Death Files, 1999-2016, as"
"compiled from data provided by the 57 vital statistics jurisdictions through the Vital Statistics Cooperative Program. Accessed"
"at http://wonder.cdc.gov/ucd-icd10.html on Jan 17, 2018 12:09:20 PM"
"---"
Caveats:
"1. As of April 3, 2017, the underlying cause of death has been revised for 125 deaths in 2014. More information:"
"http://wonder.cdc.gov/wonder/help/ucd.html#2014-Revision."
"2. Circumstances in Georgia for the years 2008 and 2009 have resulted in unusually high death counts for the ICD-10 cause of"
"death code R99, ""Other ill-defined and unspecified causes of mortality."" Caution should be used in interpreting these data."
"More information: http://wonder.cdc.gov/wonder/help/ucd.html#Georgia-Reporting-Anomalies."
"3. Circumstances in New Jersey for the year 2009 have resulted in unusually high death counts for the ICD-10 cause of death code"
"R99, ""Other ill-defined and unspecified causes of mortality"" and therefore unusually low death counts in other ICD-10 codes,"
"most notably R95, ""Sudden Infant Death Syndrome"" and X40-X49, ""Unintentional poisoning."" Caution should be used in"
"interpreting these data. More information: http://wonder.cdc.gov/wonder/help/ucd.html#New-Jersey-Reporting-Anomalies."
"4. Circumstances in California resulted in unusually high death counts for the ICD-10 cause of death code R99, ""Other"
"ill-defined and unspecified causes of mortality"" for deaths occurring in years 2000 and 2001. Caution should be used in"
"interpreting these data. More information: http://wonder.cdc.gov/wonder/help/ucd.html#California-Reporting-Anomalies."
"5. Death rates are flagged as Unreliable when the rate is calculated with a numerator of 20 or less. More information:"
"http://wonder.cdc.gov/wonder/help/ucd.html#Unreliable."
"6. The populations used to calculate standard age-adjusted rates are documented here: More information:"
"http://wonder.cdc.gov/wonder/help/ucd.html#2000 Standard Population."
"7. The method used to calculate age-adjusted rates is documented here: More information:"
"http://wonder.cdc.gov/wonder/help/ucd.html#Age-Adjusted Rates."
"8. Deaths for persons of unknown age are included in counts and crude rates, but are not included in age-adjusted rates."
"9. The population figures for year 2016 are bridged-race estimates of the July 1 resident population, from the Vintage 2016"
"postcensal series released by NCHS on June 26, 2017. The population figures for year 2015 are bridged-race estimates of the July"
"1 resident population, from the Vintage 2015 postcensal series released by NCHS on June 28, 2016. The population figures for"
"year 2014 are bridged-race estimates of the July 1 resident population, from the Vintage 2014 postcensal series released by NCHS"
"on June 30, 2015. The population figures for year 2013 are bridged-race estimates of the July 1 resident population, from the"
"Vintage 2013 postcensal series released by NCHS on June 26, 2014. The population figures for year 2012 are bridged-race"
"estimates of the July 1 resident population, from the Vintage 2012 postcensal series released by NCHS on June 13, 2013. The"
"population figures for year 2011 are bridged-race estimates of the July 1 resident population, from the Vintage 2011 postcensal"
"series released by NCHS on July 18, 2012. Population figures for 2010 are April 1 Census counts. The population figures for"
"years 2001 - 2009 are bridged-race estimates of the July 1 resident population, from the revised intercensal county-level 2000 -"
"2009 series released by NCHS on October 26, 2012. Population figures for 2000 are April 1 Census counts. Population figures for"
"1999 are from the 1990-1999 intercensal series of July 1 estimates. Population figures for the infant age groups are the number"
"of live births. <br/><b>Note:</b> Rates and population figures for years 2001 - 2009 differ slightly from previously published"
"reports, due to use of the population estimates which were available at the time of release."
"10. The population figures used in the calculation of death rates for the age group 'under 1 year' are the estimates of the"
"resident population that is under one year of age. More information: http://wonder.cdc.gov/wonder/help/ucd.html#Age Group."